Workbook
Name SegmentaciónDeDatos_Año: #N/A
Name SegmentaciónDeDatos_Departamento: #N/A

Sheet Datos base
A1: Índice de envejecimiento – Provincia de San Luis · Censos 1980–2022
A2: Código | B2: Departamento | C2: 1980 | D2: 1991 | E2: 2001 | F2: 2010 | G2: 2022
A3: 74 | B3: Total | C3: 26 | D3: 22 | E3: 25 | F3: 31 | G3: 47
A4: 74007 | B4: Ayacucho | C4: 28 | D4: 28 | E4: 34 | F4: 36 | G4: 54
A5: 74014 | B5: Belgrano | C5: 26 | D5: 37 | E5: 49 | F5: 55 | G5: 66
A6: 74028 | B6: Chacabuco | C6: 25 | D6: 26 | E6: 28 | F6: 40 | G6: 61
A7: 74021 | B7: Coronel Pringles | C7: 25 | D7: 25 | E7: 31 | F7: 37 | G7: 57
A8: 74035 | B8: General Pedernera | C8: 25 | D8: 22 | E8: 25 | F8: 30 | G8: 43
A9: 74042 | B9: Gobernador Dupuy | C9: 19 | D9: 22 | E9: 22 | F9: 28 | G9: 38
A10: 74056 | B10: Juan Martín de Pueyrredón | C10: 25 | D10: 18 | E10: 20 | F10: 27 | G10: 44
A11: 74049 | B11: Junín | C11: 30 | D11: 31 | E11: 37 | F11: 49 | G11: 62
A12: 74063 | B12: Libertador General San Martín | C12: 32 | D12: 44 | E12: 47 | F12: 58 | G12: 85

Sheet Datos largo
A1: Código | B1: Departamento | C1: Año | D1: IE
A2: 74 | B2: Total provincial | C2: 1980 | D2: 26
A3: 74 | B3: Total provincial | C3: 1991 | D3: 22
A4: 74 | B4: Total provincial | C4: 2001 | D4: 25
A5: 74 | B5: Total provincial | C5: 2010 | D5: 31
A6: 74 | B6: Total provincial | C6: 2022 | D6: 47
A7: 74007 | B7: Ayacucho | C7: 1980 | D7: 28
A8: 74007 | B8: Ayacucho | C8: 1991 | D8: 28
A9: 74007 | B9: Ayacucho | C9: 2001 | D9: 34
A10: 74007 | B10: Ayacucho | C10: 2010 | D10: 36
A11: 74007 | B11: Ayacucho | C11: 2022 | D11: 54
A12: 74014 | B12: Belgrano | C12: 1980 | D12: 26
A13: 74014 | B13: Belgrano | C13: 1991 | D13: 37
... A51: 74063 | B51: Libertador General San Martín | C51: 2022 | D51: 85

Sheet Indicadores
A1: Indicadores derivados – Variación absoluta, relativa y ranking
A2: IE 2010 e IE 2022 se traen con fórmulas desde 'Datos base'. Las columnas E, F, G y H son fórmulas calculadas.
A3: Código | B3: Departamento | C3: IE 2010 | D3: IE 2022 | E3: Var. absoluta (2022−2010) | F3: Var. relativa (%) | G3: Ranking IE 2022 | H3: Ranking Var. absoluta | I3: Referencia Provincial (IE = 47) | J3: Sobre IE Provincial (> 47) | K3: Bajo IE Provincial (< 47)
A4: ='Datos base'!A12 -> 74063 | B4: ='Datos base'!B12 -> Libertador General San Martín | C4: 58 | D4: 85 | E4: =D4-C4 -> 27 | F4: =IFERROR((D4-C4)/C4*100,"") -> 46.551724 | G4: =RANK(D4,$D$4:$D$12,0) -> 1 | H4: =RANK(E4,$E$4:$E$12,0) -> 1 | I4: =47 -> 47 | J4: =IF(D4 > 47, D4, NA()) -> 85 | K4: =IF(D4<47,D4,NA()) -> #N/A
A5: ='Datos base'!A5 -> 74014 | B5: ='Datos base'!B5 -> Belgrano | C5: 55 | D5: 66 | E5: =D5-C5 -> 11 | F5: =IFERROR((D5-C5)/C5*100,"") -> 20 | G5: =RANK(D5,$D$4:$D$12,0) -> 2 | H5: =RANK(E5,$E$4:$E$12,0) -> 8 | I5: =47 -> 47 | J5: =IF(D5 > 47, D5, NA()) -> 66 | K5: =IF(D5<47,D5,NA()) -> #N/A
A6: ='Datos base'!A11 -> 74049 | B6: ='Datos base'!B11 -> Junín | C6: 49 | D6: 62 | E6: =D6-C6 -> 13 | F6: =IFERROR((D6-C6)/C6*100,"") -> 26.530612 | G6: =RANK(D6,$D$4:$D$12,0) -> 3 | H6: =RANK(E6,$E$4:$E$12,0) -> 6 | I6: =47 -> 47 | J6: =IF(D6 > 47, D6, NA()) -> 62 | K6: =IF(D6<47,D6,NA()) -> #N/A
A7: ='Datos base'!A6 -> 74028 | B7: ='Datos base'!B6 -> Chacabuco | C7: 40 | D7: 61 | E7: =D7-C7 -> 21 | F7: =IFERROR((D7-C7)/C7*100,"") -> 52.5 | G7: =RANK(D7,$D$4:$D$12,0) -> 4 | H7: =RANK(E7,$E$4:$E$12,0) -> 2 | I7: =47 -> 47 | J7: =IF(D7 > 47, D7, NA()) -> 61 | K7: =IF(D7<47,D7,NA()) -> #N/A
A8: ='Datos base'!A7 -> 74021 | B8: ='Datos base'!B7 -> Coronel Pringles | C8: 37 | D8: 57 | E8: =D8-C8 -> 20 | F8: =IFERROR((D8-C8)/C8*100,"") -> 54.054054 | G8: =RANK(D8,$D$4:$D$12,0) -> 5 | H8: =RANK(E8,$E$4:$E$12,0) -> 3 | I8: =47 -> 47 | J8: =IF(D8 > 47, D8, NA()) -> 57 | K8: =IF(D8<47,D8,NA()) -> #N/A
A9: ='Datos base'!A4 -> 74007 | B9: ='Datos base'!B4 -> Ayacucho | C9: 36 | D9: 54 | E9: =D9-C9 -> 18 | F9: =IFERROR((D9-C9)/C9*100,"") -> 50 | G9: =RANK(D9,$D$4:$D$12,0) -> 6 | H9: =RANK(E9,$E$4:$E$12,0) -> 4 | I9: =47 -> 47 | J9: =IF(D9 > 47, D9, NA()) -> 54 | K9: =IF(D9<47,D9,NA()) -> #N/A
A10: ='Datos base'!A10 -> 74056 | B10: ='Datos base'!B10 -> Juan Martín de Pueyrredón | C10: 27 | D10: 44 | E10: =D10-C10 -> 17 | F10: =IFERROR((D10-C10)/C10*100,"") -> 62.962963 | G10: =RANK(D10,$D$4:$D$12,0) -> 7 | H10: =RANK(E10,$E$4:$E$12,0) -> 5 | I10: =47 -> 47 | J10: =IF(D10 > 47, D10, NA()) -> #N/A | K10: =IF(D10<47,D10,NA()) -> 44
A11: ='Datos base'!A8 -> 74035 | B11: ='Datos base'!B8 -> General Pedernera | C11: 30 | D11: 43 | E11: =D11-C11 -> 13 | F11: =IFERROR((D11-C11)/C11*100,"") -> 43.333333 | G11: =RANK(D11,$D$4:$D$12,0) -> 8 | H11: =RANK(E11,$E$4:$E$12,0) -> 6 | I11: =47 -> 47 | J11: =IF(D11 > 47, D11, NA()) -> #N/A | K11: =IF(D11<47,D11,NA()) -> 43
A12: ='Datos base'!A9 -> 74042 | B12: ='Datos base'!B9 -> Gobernador Dupuy | C12: 28 | D12: 38 | E12: =D12-C12 -> 10 | F12: =IFERROR((D12-C12)/C12*100,"") -> 35.714286 | G12: =RANK(D12,$D$4:$D$12,0) -> 9 | H12: =RANK(E12,$E$4:$E$12,0) -> 9 | I12: =47 -> 47 | J12: =IF(D12 > 47, D12, NA()) -> #N/A | K12: =IF(D12<47,D12,NA()) -> 38
A13: ='Datos base'!A3 -> 74 | B13: ='Datos base'!B3 -> Total | C13: ='Datos base'!F3 -> 31 | D13: ='Datos base'!G3 -> 47 | E13: =D13-C13 -> 16 | F13: =IFERROR((D13-C13)/C13*100,"") -> 51.612903 | G13: — | H13: —
A15: Fórmulas: Var. absoluta = D−C | Var. relativa = SI.ERROR((D−C)/C×100) | Ranking = JERARQUIA(D, $D$5:$D$13, 0)

Sheet TD Evolución
A3: Valor de IE | B3: Etiquetas de columna
A4: Etiquetas de fila | B4: Ayacucho | C4: Belgrano | D4: Chacabuco | E4: Coronel Pringles | F4: General Pedernera | G4: Gobernador Dupuy | H4: Juan Martín de Pueyrredón | I4: Junín | J4: Libertador General San Martín | K4: Total provincial | L4: Total general
A5: 1980 | B5: 28 | C5: 26 | D5: 25 | E5: 25 | F5: 25 | G5: 19 | H5: 25 | I5: 30 | J5: 32 | K5: 26 | L5: 26.1
A6: 1991 | B6: 28 | C6: 37 | D6: 26 | E6: 25 | F6: 22 | G6: 22 | H6: 18 | I6: 31 | J6: 44 | K6: 22 | L6: 27.5
A7: 2001 | B7: 34 | C7: 49 | D7: 28 | E7: 31 | F7: 25 | G7: 22 | H7: 20 | I7: 37 | J7: 47 | K7: 25 | L7: 31.8
A8: 2010 | B8: 36 | C8: 55 | D8: 40 | E8: 37 | F8: 30 | G8: 28 | H8: 27 | I8: 49 | J8: 58 | K8: 31 | L8: 39.1
A9: 2022 | B9: 54 | C9: 66 | D9: 61 | E9: 57 | F9: 43 | G9: 38 | H9: 44 | I9: 62 | J9: 85 | K9: 47 | L9: 55.7
A10: Total general | B10: 36 | C10: 46.6 | D10: 36 | E10: 35 | F10: 29 | G10: 25.8 | H10: 26.8 | I10: 41.8 | J10: 53.2 | K10: 30.2 | L10: 36.04
A18: Suma de IE | B18: Etiquetas de columna
A19: Etiquetas de fila | B19: 1980 | C19: 1991 | D19: 2001 | E19: 2010 | F19: 2022 | G19: Total general
A20: Ayacucho | C20: 0 | D20: 6 | E20: 2 | F20: 18
A21: Belgrano | C21: 11 | D21: 12 | E21: 6 | F21: 11
A22: Chacabuco | C22: 1 | D22: 2 | E22: 12 | F22: 21
A23: Coronel Pringles | C23: 0 | D23: 6 | E23: 6 | F23: 20
A24: General Pedernera | C24: -3 | D24: 3 | E24: 5 | F24: 13
A25: Gobernador Dupuy | C25: 3 | D25: 0 | E25: 6 | F25: 10
A26: Juan Martín de Pueyrredón | C26: -7 | D26: 2 | E26: 7 | F26: 17
A27: Junín | C27: 1 | D27: 6 | E27: 12 | F27: 13
A28: Libertador General San Martín | C28: 12 | D28: 3 | E28: 11 | F28: 27
A29: Total provincial | C29: -4 | D29: 3 | E29: 6 | F29: 16
A30: Total general | C30: 14 | D30: 43 | E30: 73 | F30: 166

Sheet Dashboard
I2: Índice de Envejecimiento
I3: Censos 1980–2022 · Análisis por departamento · Fuente: INDEC
D65: Segmentaciones correspondientes a "Evolución temporal por departamento 1980-2022".
