Workbook

Sheet Datos base
A1: Índice de envejecimiento – Provincia de San Luis · Censos 1980–2022
A2: Código | B2: Departamento | C2: 1980 | D2: 1991 | E2: 2001 | F2: 2010 | G2: 2022
A3: 74 | B3: Total | C3: 26 | D3: 22 | E3: 25 | F3: 31 | G3: 47
A4: 74007 | B4: Ayacucho | C4: 28 | D4: 28 | E4: 34 | F4: 36 | G4: 54
A5: 74014 | B5: Belgrano | C5: 26 | D5: 37 | E5: 49 | F5: 55 | G5: 66
A6: 74028 | B6: Chacabuco | C6: 25 | D6: 26 | E6: 28 | F6: 40 | G6: 61
A7: 74021 | B7: Coronel Pringles | C7: 25 | D7: 25 | E7: 31 | F7: 37 | G7: 57
A8: 74035 | B8: General Pedernera | C8: 25 | D8: 22 | E8: 25 | F8: 30 | G8: 43
A9: 74042 | B9: Gobernador Dupuy | C9: 19 | D9: 22 | E9: 22 | F9: 28 | G9: 38
A10: 74056 | B10: Juan Martín de Pueyrredón | C10: 25 | D10: 18 | E10: 20 | F10: 27 | G10: 44
A11: 74049 | B11: Junín | C11: 30 | D11: 31 | E11: 37 | F11: 49 | G11: 62
A12: 74063 | B12: Libertador General San Martín | C12: 32 | D12: 44 | E12: 47 | F12: 58 | G12: 85

Sheet Indicadores
A1: Indicadores derivados – Variación absoluta, relativa y ranking
A2: IE 2010 e IE 2022 se traen con fórmulas desde 'Datos base'. Las columnas E, F, G y H son fórmulas calculadas.
A3: Código | B3: Departamento | C3: IE 2010 | D3: IE 2022 | E3: Var. absoluta (2022−2010) | F3: Var. relativa (%) | G3: Ranking IE 2022 | H3: Ranking Var. absoluta
A4: ='Datos base'!A3 | B4: ='Datos base'!B3 | C4: ='Datos base'!F3 | D4: ='Datos base'!G3 | E4: =D4-C4 | F4: =IFERROR((D4-C4)/C4*100,"") | G4: — | H4: —
A5: ='Datos base'!A4 | B5: ='Datos base'!B4 | C5: ='Datos base'!F4 | D5: ='Datos base'!G4 | E5: =D5-C5 | F5: =IFERROR((D5-C5)/C5*100,"") | G5: =RANK(D5,$D$5:$D$13,0) | H5: =RANK(E5,$E$5:$E$13,0)
A6: ='Datos base'!A5 | B6: ='Datos base'!B5 | C6: ='Datos base'!F5 | D6: ='Datos base'!G5 | E6: =D6-C6 | F6: =IFERROR((D6-C6)/C6*100,"") | G6: =RANK(D6,$D$5:$D$13,0) | H6: =RANK(E6,$E$5:$E$13,0)
A7: ='Datos base'!A6 | B7: ='Datos base'!B6 | C7: ='Datos base'!F6 | D7: ='Datos base'!G6 | E7: =D7-C7 | F7: =IFERROR((D7-C7)/C7*100,"") | G7: =RANK(D7,$D$5:$D$13,0) | H7: =RANK(E7,$E$5:$E$13,0)
A8: ='Datos base'!A7 | B8: ='Datos base'!B7 | C8: ='Datos base'!F7 | D8: ='Datos base'!G7 | E8: =D8-C8 | F8: =IFERROR((D8-C8)/C8*100,"") | G8: =RANK(D8,$D$5:$D$13,0) | H8: =RANK(E8,$E$5:$E$13,0)
A9: ='Datos base'!A8 | B9: ='Datos base'!B8 | C9: ='Datos base'!F8 | D9: ='Datos base'!G8 | E9: =D9-C9 | F9: =IFERROR((D9-C9)/C9*100,"") | G9: =RANK(D9,$D$5:$D$13,0) | H9: =RANK(E9,$E$5:$E$13,0)
A10: ='Datos base'!A9 | B10: ='Datos base'!B9 | C10: ='Datos base'!F9 | D10: ='Datos base'!G9 | E10: =D10-C10 | F10: =IFERROR((D10-C10)/C10*100,"") | G10: =RANK(D10,$D$5:$D$13,0) | H10: =RANK(E10,$E$5:$E$13,0)
A11: ='Datos base'!A10 | B11: ='Datos base'!B10 | C11: ='Datos base'!F10 | D11: ='Datos base'!G10 | E11: =D11-C11 | F11: =IFERROR((D11-C11)/C11*100,"") | G11: =RANK(D11,$D$5:$D$13,0) | H11: =RANK(E11,$E$5:$E$13,0)
A12: ='Datos base'!A11 | B12: ='Datos base'!B11 | C12: ='Datos base'!F11 | D12: ='Datos base'!G11 | E12: =D12-C12 | F12: =IFERROR((D12-C12)/C12*100,"") | G12: =RANK(D12,$D$5:$D$13,0) | H12: =RANK(E12,$E$5:$E$13,0)
A13: ='Datos base'!A12 | B13: ='Datos base'!B12 | C13: ='Datos base'!F12 | D13: ='Datos base'!G12 | E13: =D13-C13 | F13: =IFERROR((D13-C13)/C13*100,"") | G13: =RANK(D13,$D$5:$D$13,0) | H13: =RANK(E13,$E$5:$E$13,0)
A15: Fórmulas: Var. absoluta = D−C | Var. relativa = IFERROR((D−C)/C×100) | Ranking = RANK(D, $D$5:$D$13, 0)

Sheet Datos_largo
A1: Código | B1: Departamento | C1: Año | D1: Valor
A2: 74 | B2: Total | C2: 1980 | D2: 26
A3: 74 | B3: Total | C3: 1991 | D3: 22
A4: 74 | B4: Total | C4: 2001 | D4: 25
A5: 74 | B5: Total | C5: 2010 | D5: 31
A6: 74 | B6: Total | C6: 2022 | D6: 47
A7: 74007 | B7: Ayacucho | C7: 1980 | D7: 28
A8: 74007 | B8: Ayacucho | C8: 1991 | D8: 28
A9: 74007 | B9: Ayacucho | C9: 2001 | D9: 34
A10: 74007 | B10: Ayacucho | C10: 2010 | D10: 36
A11: 74007 | B11: Ayacucho | C11: 2022 | D11: 54
A12: 74014 | B12: Belgrano | C12: 1980 | D12: 26
A13: 74014 | B13: Belgrano | C13: 1991 | D13: 37
... A51: 74063 | B51: Libertador General San Martín | C51: 2022 | D51: 85
